25/05/2019,"-9.30","COLES 7998 RICHMOND AU AUS Card xx2004 Value Date: 23/05/2019","+986.49"
24/05/2019,"-12.50","Harlow                   Richmond     AU","+995.79"
24/05/2019,"-11.50","BEEM IT                  BEEM.COM.AU  AU Card xx2004","+1008.29"
23/05/2019,"-20.85","Direct Debit 010758 AHM 33695678","+1019.79"
23/05/2019,"+24.00","Refund Purchase BEEM IT                  BEEM.COM.AU  AU","+1040.64"
23/05/2019,"-9.85","COLES 7998 RICHMOND AU AUS Card xx2004 Value Date: 21/05/2019","+1016.64"
22/05/2019,"-2.00","NHAN NGAI PTY. LTD.      CREMORNE     AU Card xx2004","+1026.49"
22/05/2019,"-15.90","NHAN NGAI PTY. LTD.      CREMORNE     AU Card xx2004","+1028.49"
22/05/2019,"-16.00","THE VAUCLUSE HOTEL RICHMOND VI AUS Card xx2004 Value Date: 17/05/2019","+1044.39"
22/05/2019,"-25.00","Kayo Sports NORTH RYDE NS AUS Card xx2004 Value Date: 18/05/2019","+1060.39"
22/05/2019,"-14.00","MHSOBFC SOUTH YARRA VI AUS Card xx2004 Value Date: 18/05/2019","+1085.39"
21/05/2019,"-11.50","BEEM IT                  BEEM.COM.AU  AU Card xx2004","+1099.39"
21/05/2019,"-0.57","International Transaction Fee Value Date: 16/05/2019","+1110.89"
21/05/2019,"-19.07","EIG*HOSTGATOR.COM 713-5745287 MA USA Card xx2004 USD 13.15 Value Date: 16/05/2019","+1111.46"
21/05/2019,"-15.00","MHSOBFC SOUTH YARRA VI AUS Card xx2004 Value Date: 16/05/2019","+1130.53"
20/05/2019,"-15.00","BERTIES BUTCHERS RICHM   RICHMOND     AU Card xx2004","+1145.53"
19/05/2019,"+45.00","Refund Purchase BEEM IT                  BEEM.COM.AU  AU","+1160.53"
19/05/2019,"+45.00","Refund Purchase BEEM IT                  BEEM.COM.AU  AU","+1115.53"
19/05/2019,"-8.60","SPOTLESS FACILITY MCG    MELBOURNE    AU Card xx2004","+1070.53"
19/05/2019,"-62.00","Harlow                   Richmond     AU","+1079.13"
19/05/2019,"-135.00","Transfer to other Bank CommBank app footy tickets","+1141.13"
18/05/2019,"-7.80","COLES 7998 RICHMOND AU AUS Card xx2004 Value Date: 16/05/2019","+1276.13"
17/05/2019,"-10.00","Harlow                   Richmond     AU","+1283.93"
17/05/2019,"-13.00","Abbotsford Cycles RICHMOND VI AUS Card xx2004 Value Date: 14/05/2019","+1293.93"
17/05/2019,"-13.00","HARLEY HOWARD FREEHO RICHMOND VI AUS Card xx2004 Value Date: 14/05/2019","+1306.93"
17/05/2019,"-31.00","HARLEY HOWARD FREEHO RICHMOND VI AUS Card xx2004 Value Date: 14/05/2019","+1319.93"
16/05/2019,"-4500.00","Transfer to xx4944 CommBank app","+1350.93"
16/05/2019,"-20.85","Direct Debit 010758 AHM 33695678","+5850.93"
16/05/2019,"-52.20","Direct Debit 125206 FITNESS FIRST RI 015600018025010033","+5871.78"
16/05/2019,"+4300.00","Direct Credit 421520 ABAS PROPERTY SO 0140","+5923.98"
16/05/2019,"-4.02","RICHMOND RECREATION RICHMOND VI AUS Card xx2004 Value Date: 14/05/2019","+1623.98"
15/05/2019,"-11.50","BEEM IT                  BEEM.COM.AU  AU Card xx2004","+1628.00"
15/05/2019,"-120.00","HEALTHY AFFAIR PTY L HAMPTON VI AUS Card xx2004 Value Date: 11/05/2019","+1639.50"
15/05/2019,"-10.00","BRIGHTON CHOCOLATES BRIGHTON VI AUS Card xx2004 Value Date: 11/05/2019","+1759.50"
15/05/2019,"-9.10","COLES 7998 RICHMOND AU AUS Card xx2004 Value Date: 13/05/2019","+1769.50"
15/05/2019,"-45.00","SAY IT WITH FLOWERS MALVERN VI AUS Card xx2004 Value Date: 12/05/2019","+1778.60"
15/05/2019,"-7.00","PAGE 8 HAMPTON HAMPTON VI AUS Card xx2004 Value Date: 11/05/2019","+1823.60"
15/05/2019,"-47.50","ARCADIA HOTEL SOUTH YARRA VI AUS Card xx2004 Value Date: 10/05/2019","+1830.60"
14/05/2019,"-111.04","Direct Debit 119218 VODAFONE T1,2DF27D,29","+1878.10"
14/05/2019,"-6000.00","Transfer to xx4944 CommBank app","+1989.14"
14/05/2019,"-17.50","BERTIES BUTCHERS RICHM   RICHMOND     AU Card xx2004","+7989.14"
14/05/2019,"+4226.33","Salary realestate.com.a 00REA Salary","+8006.64"
14/05/2019,"-32.51","A25 PIZZERIA SY South Yarra VI AUS Card xx2004 Value Date: 10/05/2019","+3780.31"
14/05/2019,"-10.00","Royal Saxon Hotel Richmond VI AUS Card xx2004 Value Date: 10/05/2019","+3812.82"
14/05/2019,"-10.00","Royal Saxon Hotel Richmond VI AUS Card xx2004 Value Date: 10/05/2019","+3822.82"
14/05/2019,"-101.75","MHSOBFC SOUTH YARRA VI AUS Card xx2004 Value Date: 11/05/2019","+3832.82"
14/05/2019,"-23.00","THAI AYOTHAYA MELB RICHMOND VI AUS Card xx2004 Value Date: 09/05/2019","+3934.57"
11/05/2019,"+5.00","Refund Purchase BEEM IT                  BEEM.COM.AU  AU","+3957.57"
11/05/2019,"+3.50","Refund Purchase BEEM IT                  BEEM.COM.AU  AU","+3952.57"
11/05/2019,"+60.00","Refund Purchase BEEM IT                  BEEM.COM.AU  AU","+3949.07"
11/05/2019,"-18.99","SOUL PRESS BRIGHTON PT   BRIGHTON     AU Card xx2004","+3889.07"
10/05/2019,"-3.00","BEEM IT                  BEEM.COM.AU  AU Card xx2004","+3908.06"
10/05/2019,"-11.80","Transfer to other Bank CommBank app pub lunch","+3911.06"
10/05/2019,"-4.20","FitnessFirst_POS Richmond S AU AUS Card xx2004 Value Date: 08/05/2019","+3922.86"
10/05/2019,"-10.40","COLES 7998 RICHMOND AU AUS Card xx2004 Value Date: 08/05/2019","+3927.06"
09/05/2019,"-20.85","Direct Debit 010758 AHM 33695678","+3937.46"
09/05/2019,"+11.50","Transfer From KATYA FOSTER to PayID Phone medium Thai","+3958.31"
09/05/2019,"-7.05","COLES 7998 RICHMOND AU AUS Card xx2004 Value Date: 07/05/2019","+3946.81"
09/05/2019,"-89.20","BOOKTOPIA PTY LTD LIDCOMBE  AUS Card xx2004 Value Date: 08/05/2019","+3953.86"
08/05/2019,"-360.00","Wdl ATM CBA ATM  WINDSOR        VIC 316297   AUS","+4043.06"
08/05/2019,"-100.00","MYER  CHADSTONE CHADSTONE VI AUS Card xx2004 Value Date: 05/05/2019","+4403.06"
08/05/2019,"-9.55","COLES 7998 RICHMOND AU AUS Card xx2004 Value Date: 06/05/2019","+4503.06"
08/05/2019,"-4.00","MHSOBFC SOUTH YARRA VI AUS Card xx2004 Value Date: 04/05/2019","+4512.61"
08/05/2019,"-12.00","MHSOBFC SOUTH YARRA VI AUS Card xx2004 Value Date: 04/05/2019","+4516.61"
07/05/2019,"-4.20","FitnessFirst_POS Richmond S AU AUS Card xx2004 Value Date: 03/05/2019","+4528.61"
07/05/2019,"-24.00","Royal Saxon Hotel Richmond VI AUS Card xx2004 Value Date: 03/05/2019","+4532.81"
07/05/2019,"-15.00","MHSOBFC SOUTH YARRA VI AUS Card xx2004 Value Date: 02/05/2019","+4556.81"
07/05/2019,"-41.45","COLES EXPRESS 6976 GLEN WAVERLEY AU AUS Card xx2004 Value Date: 04/05/2019","+4571.81"
07/05/2019,"-14.26","THE CHERRY TREE HOTEL CREMORNE AU AUS Card xx2004 Value Date: 03/05/2019","+4613.26"
05/05/2019,"-25.00","BEEM IT                  BEEM.COM.AU  AU Card xx2004","+4627.52"
05/05/2019,"-23.00","BEEM IT                  BEEM.COM.AU  AU Card xx2004","+4652.52"
04/05/2019,"+75.00","Refund Purchase BEEM IT                  BEEM.COM.AU  AU","+4675.52"
04/05/2019,"-38.00","DR FOLLICLES BARBER      RICHMOND     AU Card xx2004","+4600.52"
04/05/2019,"-9.55","COLES 7998 RICHMOND AU AUS Card xx2004 Value Date: 02/05/2019","+4638.52"
03/05/2019,"-10.00","MYKI WINDSOR RS   WIN WINDSOR  AUS Card xx2004 Value Date: 29/04/2019","+4648.07"
02/05/2019,"-20.85","Direct Debit 010758 AHM 33695678","+4658.07"
02/05/2019,"-52.20","Direct Debit 125206 FITNESS FIRST RI 015600018025010032","+4678.92"
02/05/2019,"-8.20","COLES 7998 RICHMOND AU AUS Card xx2004 Value Date: 30/04/2019","+4731.12"
01/05/2019,"-172.00","BEEM IT                  BEEM.COM.AU  AU Card xx2004","+4739.32"
01/05/2019,"+11.50","Refund Purchase BEEM IT                  BEEM.COM.AU  AU","+4911.32"
01/05/2019,"-23.00","Transfer to other Bank CommBank app med thai","+4899.82"
01/05/2019,"-10.70","COLES 7998 RICHMOND AU AUS Card xx2004 Value Date: 29/04/2019","+4922.82"
01/05/2019,"-58.90","DUMPLING KING CREMORNE VI AUS Card xx2004 Value Date: 26/04/2019","+4933.52"
01/05/2019,"-71.46","CRAZYDOMAINSHOSTING 61290372826 SG SGP Card xx2004 AUD 71.46 Value Date: 27/04/2019","+4992.42"
30/04/2019,"-14.29","ADOBE  PHOTOGPHY PLAN 1800614863 IR IRL Card xx2004 AUD 14.29 Value Date: 26/04/2019","+5063.88"
30/04/2019,"-44.30","Village Jam Factory SOUTH YARRA VI AUS Card xx2004 Value Date: 26/04/2019","+5078.17"
30/04/2019,"-13.19","COLES 0677 VERMONT SOUTH AU AUS Card xx2004 Value Date: 27/04/2019","+5122.47"
30/04/2019,"-8.60","UBER   *TRIP SYDNEY NS AUS Card xx2004 Value Date: 26/04/2019","+5135.66"
27/04/2019,"-35.00","Transfer to other Bank CommBank app dinner","+5144.26"
27/04/2019,"-6.50","COLES 7998 RICHMOND AU AUS Card xx2004 Value Date: 24/04/2019","+5179.26"
27/04/2019,"-8.06","Swan Hotel, Richmond Richmond VI AUS Card xx2004 Value Date: 24/04/2019","+5185.76"
26/04/2019,"-20.85","Direct Debit 010758 AHM 33695678","+5193.82"
26/04/2019,"+50.00","Transfer From SAMANTHA TYRRELL CREDIT TO ACCOUNT","+5214.67"
26/04/2019,"-22.00","Blackhearts&Sparrows     Richmond     AU","+5164.67"
26/04/2019,"-16.00","Fonda                    Richmond     AU","+5186.67"
25/04/2019,"-11.00","VILLAGE CENTURY CITY GLEN WAVERLEY VI AUS Card xx2004 Value Date: 19/04/2019","+5202.67"
25/04/2019,"-28.59","7-ELEVEN 1286 GLEN WAVERLEY VI AUS Card xx2004 Value Date: 22/04/2019","+5213.67"
25/04/2019,"-11.86","THE BUTCHERS CLUB AU GLEN WAVERLEY VI AUS Card xx2004 Value Date: 20/04/2019","+5242.26"
25/04/2019,"-16.00","RITCHIES ROWVILLE VI AUS Card xx2004 Value Date: 20/04/2019","+5254.12"
25/04/2019,"-6.00","RITCHIES ROWVILLE VI AUS Card xx2004 Value Date: 20/04/2019","+5270.12"
25/04/2019,"-7.00","FitnessFirst_POS Richmond S AU AUS Card xx2004 Value Date: 22/04/2019","+5276.12"
25/04/2019,"-11.00","COLES 7998 RICHMOND AU AUS Card xx2004 Value Date: 23/04/2019","+5283.12"
24/04/2019,"-13.00","SPOTLESS FACILITY MCG    MELBOURNE    AU Card xx2004","+5294.12"
24/04/2019,"-8.60","SPOTLESS FACILITY MCG    MELBOURNE    AU Card xx2004","+5307.12"
24/04/2019,"-8.60","SPOTLESS FACILITY MCG    MELBOURNE    AU Card xx2004","+5315.72"
24/04/2019,"-10.00","COLES 0575 MALVERN AU AUS Card xx2004 Value Date: 18/04/2019","+5324.32"
24/04/2019,"-25.00","Kayo Sports NORTH RYDE NS AUS Card xx2004 Value Date: 18/04/2019","+5334.32"
24/04/2019,"-95.04","BAHARI THE HELLENIC PA RICHMOND AU AUS Card xx2004 Value Date: 18/04/2019","+5359.32"
24/04/2019,"-29.60","TARGET 5099 GLEN WAVERLEY AU AUS Card xx2004 Value Date: 20/04/2019","+5454.36"
20/04/2019,"+8.00","Refund Purchase BEEM IT                  BEEM.COM.AU  AU","+5483.96"
19/04/2019,"-35.20","SOUL PRESS BRIGHTON PT   BRIGHTON     AU Card xx2004","+5475.96"
19/04/2019,"-8.90","COLES 7998 RICHMOND AU AUS Card xx2004 Value Date: 17/04/2019","+5511.16"
19/04/2019,"-0.55","International Transaction Fee Value Date: 16/04/2019","+5520.06"
19/04/2019,"-18.42","EIG*HOSTGATOR.COM 713-5745287 MA USA Card xx2004 USD 13.15 Value Date: 16/04/2019","+5520.61"
19/04/2019,"-4.00","SQ *HERESY PTY LTD Cremorne AU AUS Card xx2004 Value Date: 17/04/2019","+5539.03"
19/04/2019,"-37.00","Abbotsford Cycles RICHMOND VI AUS Card xx2004 Value Date: 16/04/2019","+5543.03"
18/04/2019,"-20.85","Direct Debit 010758 AHM 33695678","+5580.03"
18/04/2019,"-52.20","Direct Debit 125206 FITNESS FIRST RI 015600018025010031","+5600.88"
18/04/2019,"+20.50","Refund Purchase BEEM IT                  BEEM.COM.AU  AU","+5653.08"
18/04/2019,"+16.00","Refund Purchase BEEM IT                  BEEM.COM.AU  AU","+5632.58"
18/04/2019,"+16.00","Refund Purchase BEEM IT                  BEEM.COM.AU  AU","+5616.58"
18/04/2019,"+25.00","Refund Purchase BEEM IT                  BEEM.COM.AU  AU","+5600.58"
17/04/2019,"-12.00","MHSOBFC SOUTH YARRA VI AUS Card xx2004 Value Date: 13/04/2019","+5575.58"
17/04/2019,"-9.15","COLES 7998 RICHMOND AU AUS Card xx2004 Value Date: 15/04/2019","+5587.58"
17/04/2019,"-40.00","GENERAL PANTS 84 CHADSTONE VI AUS Card xx2004 Value Date: 13/04/2019","+5596.73"
17/04/2019,"-15.00","THE VAUCLUSE HOTEL RICHMOND VI AUS Card xx2004 Value Date: 12/04/2019","+5636.73"
16/04/2019,"-17.00","BERTIES BUTCHERS RICHM   RICHMOND     AU Card xx2004","+5651.73"
16/04/2019,"-19.15","Swan Hotel, Richmond Richmond VI AUS Card xx2004 Value Date: 12/04/2019","+5668.73"
16/04/2019,"-8.06","Swan Hotel, Richmond Richmond VI AUS Card xx2004 Value Date: 12/04/2019","+5687.88"
16/04/2019,"-15.00","MHSOBFC SOUTH YARRA VI AUS Card xx2004 Value Date: 11/04/2019","+5695.94"
16/04/2019,"-6.80","SQ *PIDAPIPO WINDSOR Windsor AU AUS Card xx2004 Value Date: 12/04/2019","+5710.94"
15/04/2019,"-480.00","Wdl ATM CBA ATM  WINDSOR        VIC 316297   AUS","+5717.74"
13/04/2019,"-7.80","BOOST JUICE PTY LTD      CHADSTONE    AU Card xx2004","+6197.74"
13/04/2019,"-38.00","DR FOLLICLES BARBER      RICHMOND     AU Card xx2004","+6205.54"
13/04/2019,"-101.75","MHSOBFC SOUTH YARRA VI AUS Card xx2004 Value Date: 11/04/2019","+6243.54"
13/04/2019,"-6.65","COLES 7998 RICHMOND AU AUS Card xx2004 Value Date: 11/04/2019","+6345.29"
12/04/2019,"-111.04","Direct Debit 119218 VODAFONE T1,2DB7B6,10","+6351.94"
12/04/2019,"+4223.33","Salary realestate.com.a 00REA Salary","+6462.98"
12/04/2019,"-9.15","COLES 7998 RICHMOND AU AUS Card xx2004 Value Date: 10/04/2019","+2239.65"
11/04/2019,"-20.85","Direct Debit 010758 AHM 33695678","+2248.80"
11/04/2019,"-73.50","MANGO TREE THAI MOUNT WAVERLE VI AUS Card xx2004 Value Date: 06/04/2019","+2269.65"
11/04/2019,"-11.79","AMBULANCE VICTORIA MELBOURNE  AUS Card xx2004 Value Date: 06/04/2019","+2343.15"
10/04/2019,"-9.00","COLES 7998 RICHMOND AU AUS Card xx2004 Value Date: 08/04/2019","+2354.94"
09/04/2019,"-10.50","WEI TONG PTY. LTD.       RICHMOND     AU Card xx2004","+2363.94"
09/04/2019,"-26.26","Loop Roof Melbourne VI AUS Card xx2004 Value Date: 05/04/2019","+2374.44"
09/04/2019,"-15.00","MHSOBFC SOUTH YARRA VI AUS Card xx2004 Value Date: 04/04/2019","+2400.70"
09/04/2019,"-36.83","COLES EXPRESS 6976 GLEN WAVERLEY AU AUS Card xx2004 Value Date: 06/04/2019","+2415.70"
09/04/2019,"-11.50","COLES 0507 GLEN IRIS AU AUS Card xx2004 Value Date: 06/04/2019","+2452.53"
09/04/2019,"-10.00","MYKI WINDSOR RS   WIN WINDSOR  AUS Card xx2004 Value Date: 04/04/2019","+2464.03"
06/04/2019,"+37.00","Refund Purchase BEEM IT                  BEEM.COM.AU  AU","+2474.03"
06/04/2019,"-8.43","UBER help.uber.com SYDNEY NS AUS Card xx2004 Value Date: 03/04/2019","+2437.03"
06/04/2019,"+143.18","Adjust Purchase DISPUTE ADJUSTMENT Card xx2004 AUD 143.18 Value Date: 08/03/2019","+2445.46"
06/04/2019,"+4.30","Rfnd O'Seas Transaction Value Date: 08/03/2019","+2302.28"
05/04/2019,"-5.00","IMAX THEATRE             CARLTON      AU Card xx2004","+2297.98"
05/04/2019,"-29.50","BEEM IT                  BEEM.COM.AU  AU Card xx2004","+2302.98"
05/04/2019,"+13.00","Refund Purchase BEEM IT                  BEEM.COM.AU  AU","+2332.48"
05/04/2019,"+30.00","Refund Purchase BEEM IT                  BEEM.COM.AU  AU","+2319.48"
05/04/2019,"+0.97","Refund Purchase BEEM IT                  BEEM.COM.AU  AU","+2289.48"
05/04/2019,"-0.97","BEEM IT                  BEEM.COM.AU  AU Card xx2004","+2288.51"
05/04/2019,"+0.03","Refund Purchase BEEM IT                  BEEM.COM.AU  AU","+2289.48"
05/04/2019,"-0.03","BEEM IT                  BEEM.COM.AU  AU Card xx2004","+2289.45"
05/04/2019,"-25.00","Prince Alfred Hotel      Richmond     AU","+2289.48"
05/04/2019,"-8.50","COLES 7998 RICHMOND AU AUS Card xx2004 Value Date: 03/04/2019","+2314.48"
04/04/2019,"-20.05","Direct Debit 010758 AHM 33695678","+2322.98"
04/04/2019,"-52.20","Direct Debit 125206 FITNESS FIRST RI 015600018025010030","+2343.03"
04/04/2019,"-11.50","Transfer to other Bank CommBank app lunch money","+2395.23"
04/04/2019,"-5.50","COLES 7998 RICHMOND AU AUS Card xx2004 Value Date: 02/04/2019","+2406.73"
04/04/2019,"-10.30","COLES 7998 RICHMOND AU AUS Tap and Pay xx0513 Value Date: 01/04/2019","+2412.23"
04/04/2019,"-15.70","DAN MURPHY'S 3625 MALVERN VI AUS Tap and Pay xx0513 Value Date: 29/03/2019","+2422.53"
03/04/2019,"-28.00","TEMPLE HOTELS PTY LTD    MELBOURNE    AU Card xx2004","+2438.23"
03/04/2019,"-7.60","7 GRAMS RICHMOND VI AUS Card xx2004 Value Date: 01/04/2019","+2466.23"
03/04/2019,"-30.05","7-ELEVEN 1286 GLEN WAVERLEY VI AUS Card xx2004 Value Date: 30/03/2019","+2473.83"
03/04/2019,"-63.00","HARDROCK CLIMBING PL MELBOURNE VI AUS Card xx2004 Value Date: 30/03/2019","+2503.88"
03/04/2019,"-318.00","CR CHADSTONE CHADSTONE VI AUS Card xx2004 Value Date: 31/03/2019","+2566.88"
02/04/2019,"-0.56","International Transaction Fee Value Date: 29/03/2019","+2884.88"
02/04/2019,"-18.59","EIG*HOSTGATOR.COM 713-5745287 MA USA Card xx2004 USD 13.15 Value Date: 29/03/2019","+2885.44"
31/03/2019,"-153.92","MYER  CHADSTONE          CHADSTONE    AU","+2904.03"
30/03/2019,"-2.50","Non CBA ATM Withdrawal Fee","+3057.95"
30/03/2019,"-100.00","Wdl ATM CAS 7-11 MELBOURNE (35BME       VI    AU","+3060.45"
30/03/2019,"-64.15","AMAZON MKTPLC AU SYDNEY SOUTH NS AUS Card xx2004 Value Date: 26/03/2019","+3160.45"
29/03/2019,"-14.29","ADOBE  PHOTOGPHY PLAN 1800614863 IR IRL Card xx2004 AUD 14.29 Value Date: 27/03/2019","+3224.60"
29/03/2019,"-142.58","AMAZON AU SYDNEY SOUTH NS AUS Card xx2004 Value Date: 26/03/2019","+3238.89"
28/03/2019,"-26.00","Transfer to CBA A/c CommBank app hot pot","+3381.47"
28/03/2019,"-21.05","Direct Debit 010758 AHM 33695678","+3407.47"
28/03/2019,"-6.55","COLES 7998 RICHMOND AU AUS Card xx2004 Value Date: 26/03/2019","+3428.52"
28/03/2019,"-19.99","GAMES WORLD GLEN WAVERLEY VI AUS Tap and Pay xx0513 Value Date: 24/03/2019","+3435.07"
27/03/2019,"-15.00","THE VAUCLUSE HOTEL RICHMOND VI AUS Card xx2004 Value Date: 22/03/2019","+3455.06"
27/03/2019,"-56.00","JB HI FI THE GLEN GLEN WAVERLEY VI AUS Card xx2004 Value Date: 23/03/2019","+3470.06"
27/03/2019,"-2.00","Le Crois Glen Waverley VI AUS Card xx2004 Value Date: 24/03/2019","+3526.06"
26/03/2019,"-24.99","COLES EXPRESS 6976 GLEN WAVERLEY AU AUS Card xx2004 Value Date: 23/03/2019","+3528.06"
26/03/2019,"-20.00","COLES 0508 GLEN WAVERLEY AU AUS Card xx2004 Value Date: 23/03/2019","+3553.05"
23/03/2019,"-102.00","ADIDAS AUSTRALIA PTY L   MULGRAVE     AU Card xx2004","+3573.05"
23/03/2019,"-420.00","Wdl ATM CBA ATM  RICHMOND STH B VIC 316602   AUS","+3675.05"
23/03/2019,"-38.00","DR FOLLICLES BARBER      RICHMOND     AU Card xx2004","+4095.05"
23/03/2019,"-19.90","HUNKY DORY FISH RICHMOND VI AUS Card xx2004 Value Date: 21/03/2019","+4133.05"
23/03/2019,"-9.05","COLES 7998 RICHMOND AU AUS Card xx2004 Value Date: 21/03/2019","+4152.95"
21/03/2019,"-21.05","Direct Debit 010758 AHM 33695678","+4162.00"
21/03/2019,"-52.20","Direct Debit 125206 FITNESS FIRST RI 015600018025010029","+4183.05"
21/03/2019,"-8.60","SPOTLESS FACILITY MCG    MELBOURNE    AU Card xx2004","+4235.25"
21/03/2019,"-17.20","SPOTLESS FACILITY MCG    MELBOURNE    AU Card xx2004","+4243.85"
21/03/2019,"-25.00","Kayo Sports NORTH RYDE NS AUS Card xx2004 Value Date: 19/03/2019","+4261.05"
21/03/2019,"-8.80","COLES 7998 RICHMOND AU AUS Card xx2004 Value Date: 19/03/2019","+4286.05"
21/03/2019,"-4.00","LITTLEBYLITTLECAFE BERWICK VI AUS Tap and Pay xx0513 Value Date: 17/03/2019","+4294.85"
21/03/2019,"-39.92","7-ELEVEN 1286 GLEN WAVERLEY VI AUS Tap and Pay xx0513 Value Date: 16/03/2019","+4298.85"
21/03/2019,"-8.85","THE YO MY COMPANY PT GLEN WAVERLEY VI AUS Tap and Pay xx0513 Value Date: 16/03/2019","+4338.77"
20/03/2019,"-10.50","WEI TONG PTY. LTD.       RICHMOND     AU Card xx2004","+4347.62"
20/03/2019,"-33.42","The Proud Peacock Res Mount Waverle VI AUS Tap and Pay xx0513 Value Date: 16/03/2019","+4358.12"
18/03/2019,"+800.00","Direct Credit 421520 SAMANTHA TYRRELL","+4391.54"
18/03/2019,"+266.00","Direct Credit 421520 SAMANTHA TYRRELL","+3591.54"
18/03/2019,"-20.00","Wdl ATM CBA ATM  RICHMOND STH B VIC 316602   AUS","+3325.54"
15/03/2019,"-111.04","Direct Debit 119218 VODAFONE T1,2D77D8,37","+3345.54"
14/03/2019,"-21.05","Direct Debit 010758 AHM 33695678","+3456.58"
14/03/2019,"-4000.00","Transfer to xx4944 CommBank app","+3477.63"
14/03/2019,"+4246.33","Salary realestate.com.a 00REA Salary","+7477.63"
14/03/2019,"-4.30","International Transaction Fee Value Date: 08/03/2019","+3231.30"
14/03/2019,"-143.18","KZA DISTRIBUTIO TOUZAC FR FRA Card xx2004 EUR 89.48 Value Date: 08/03/2019","+3235.60"
13/03/2019,"-6.50","Blackhearts&Sparrows Richmond VI AUS Card xx2004 Value Date: 08/03/2019","+3378.78"
11/03/2019,"-100.00","Cardless Cash for collection","+3385.28"
09/03/2019,"+500.00","Cardless Cash return","+3485.28"
09/03/2019,"-500.00","Cardless Cash for collection","+2985.28"
08/03/2019,"-30.00","BEEM IT                  BEEM.COM.AU  AU Card xx5369","+3485.28"
08/03/2019,"-24.00","Harlow                   Richmond     AU","+3515.28"
08/03/2019,"-7.80","COLES 7998 RICHMOND AU AUS Card xx5369 Value Date: 06/03/2019","+3539.28"
07/03/2019,"-21.05","Direct Debit 010758 AHM 33695678","+3547.08"
07/03/2019,"-52.20","Direct Debit 125206 FITNESS FIRST RI 015600018025010028","+3568.13"
07/03/2019,"-9.15","COLES 7998 RICHMOND AU AUS Card xx5369 Value Date: 05/03/2019","+3620.33"
07/03/2019,"-17.99","Amazon Australia Servi MELBOURNE AU AUS Card xx5369 Value Date: 04/03/2019","+3629.48"
07/03/2019,"-24.00","PONTOON STKILDA BEACH ST KILDA  AUS Card xx5369 Value Date: 02/03/2019","+3647.47"
07/03/2019,"-5.20","MCDONALDS STH OAKLEIG OAKLEIGH SOUT  AUS Card xx5369 Value Date: 02/03/2019","+3671.47"
06/03/2019,"-24.95","GENERAL PANTS 84 CHADSTONE VI AUS Card xx5369 Value Date: 03/03/2019","+3676.67"
05/03/2019,"-12.50","Harlow Richmond VI AUS Card xx5369 Value Date: 01/03/2019","+3701.62"
04/03/2019,"-15.00","BERTIES BUTCHERS RICHM   RICHMOND     AU Card xx5369","+3714.12"
03/03/2019,"-31.50","SOUL PRESS BRIGHTON PT   BRIGHTON     AU Card xx5369","+3729.12"
02/03/2019,"+95.00","Refund Purchase BEEM IT                  BEEM.COM.AU  AU","+3760.62"
02/03/2019,"-183.50","RADIO MEXICO TAQUERI     ST KILDA     AU","+3665.62"
02/03/2019,"+45.00","Refund Purchase BEEM IT                  BEEM.COM.AU  AU","+3849.12"
02/03/2019,"-19.00","BEEM IT                  BEEM.COM.AU  AU Card xx5369","+3804.12"
02/03/2019,"-38.00","DR FOLLICLES BARBER      RICHMOND     AU Card xx5369","+3823.12"
02/03/2019,"-6.65","COLES 7998 RICHMOND AU AUS Card xx5369 Value Date: 28/02/2019","+3861.12"
02/03/2019,"-84.00","MUSEUMS BOARD OF VIC CARLTON  AUS Card xx5369 Value Date: 28/02/2019","+3867.77"
01/03/2019,"-25.00","Prince Alfred Hotel      Richmond     AU","+3951.77"
01/03/2019,"-8.00","SQ *HERESY PTY LTD Cremorne AU AUS Card xx5369 Value Date: 27/02/2019","+3976.77"
01/03/2019,"-9.15","COLES 7998 RICHMOND AU AUS Card xx5369 Value Date: 27/02/2019","+3984.77"
28/02/2019,"-21.05","Direct Debit 010758 AHM 33695678","+3993.92"
28/02/2019,"-14.29","ADOBE  PHOTOGPHY PLAN 1800614863 IR IRL Card xx5369 AUD 14.29 Value Date: 26/02/2019","+4014.97"
28/02/2019,"-7.80","COLES 7998 RICHMOND AU AUS Card xx5369 Value Date: 26/02/2019","+4029.26"
27/02/2019,"-10.30","COLES 7998 RICHMOND AU AUS Card xx5369 Value Date: 25/02/2019","+4037.06"
27/02/2019,"-25.20","THE BUTLERS PANTRY A ROWVILLE VI AUS Card xx5369 Value Date: 24/02/2019","+4047.36"
26/02/2019,"-84.00","SOCIAL SPORT PTY LTD     RICHMOND     AU Card xx5369","+4072.56"
26/02/2019,"-32.80","Waterfalls Cafe Mount Field TA AUS Card xx5369 Value Date: 22/02/2019","+4156.56"
26/02/2019,"-15.00","GRAHAM O'KEEFE ADVENTURE BAY TA AUS Card xx5369 Value Date: 20/02/2019","+4189.36"
23/02/2019,"-35.69","BP HOBART AIRPORT 1 CAMBRIDGE         AU","+4204.36"
23/02/2019,"+65.00","Refund Purchase BEEM IT                  BEEM.COM.AU  AU","+4240.05"
23/02/2019,"-137.60","BALL AND CHAIN GRILL     HOBART       AU","+4175.05"
23/02/2019,"-100.00","Wdl ATM ANZ SALAMANCA 6 MONTPELSALAMANCA      AU","+4312.65"
23/02/2019,"-477.30","THE OLD WOOLSTORE APAR   HOBART       AU","+4412.65"
23/02/2019,"-31.00","Mona - Cafe Berriedale TA AUS Card xx5369 Value Date: 21/02/2019","+4889.95"
23/02/2019,"-53.30","COLES EXPRESS 1523 SORELL AU AUS Card xx5369 Value Date: 21/02/2019","+4920.95"
23/02/2019,"-19.30","COLES 7500 SORELL AU AUS Card xx5369 Value Date: 21/02/2019","+4974.25"
23/02/2019,"-17.75","MCDONALDS SORELL SORELL  AUS Card xx5369 Value Date: 19/02/2019","+4993.55"
22/02/2019,"-95.00","BEEM IT                  BEEM.COM.AU  AU Card xx5369","+5011.30"
22/02/2019,"+50.00","Refund Purchase BEEM IT                  BEEM.COM.AU  AU","+5106.30"
22/02/2019,"-45.00","BRUNY ISLAND CHEESE GREAT BAY TA AUS Card xx5369 Value Date: 20/02/2019","+5056.30"
21/02/2019,"-21.05","Direct Debit 010758 AHM 33695678","+5101.30"
21/02/2019,"-52.20","Direct Debit 125206 FITNESS FIRST RI 015600018025010027","+5122.35"
21/02/2019,"-15.50","WOOLWORTHS W7012         HOBART       AU Card xx5369","+5174.55"
21/02/2019,"-57.00","FISH FRENZY              HOBART       AU Card xx5369","+5190.05"
21/02/2019,"+9.50","Refund Purchase BEEM IT                  BEEM.COM.AU  AU","+5247.05"
21/02/2019,"+25.00","Refund Purchase BEEM IT                  BEEM.COM.AU  AU","+5237.55"
21/02/2019,"-7.00","MATHEW JAMES STAPENE FORTESCUE TA AUS Card xx5369 Value Date: 19/02/2019","+5212.55"
20/02/2019,"-5.00","BEEM IT                  BEEM.COM.AU  AU Card xx5369","+5219.55"
20/02/2019,"-34.00","BEEM IT                  BEEM.COM.AU  AU Card xx5369","+5224.55"
20/02/2019,"-9.10","BANJOS MARGATE           MARGATE      AU Card xx5369","+5258.55"
20/02/2019,"-0.56","International Transaction Fee Value Date: 16/02/2019","+5267.65"
20/02/2019,"-18.57","EIG*HOSTGATOR.COM 713-5745287 MA USA Card xx5369 USD 13.15 Value Date: 16/02/2019","+5268.21"
19/02/2019,"-45.64","COLES 7500 SORELL AU AUS Card xx5369 Value Date: 15/02/2019","+5286.78"
19/02/2019,"-45.55","COLES EXPRESS 1523 SORELL AU AUS Card xx5369 Value Date: 15/02/2019","+5332.42"
16/02/2019,"-38.00","Ge'ographe Coles Bay Coles Bay TA AUS Card xx5369 Value Date: 14/02/2019","+5377.97"
16/02/2019,"-76.11","ST HELENS SUPA IGA ST HELENS  AUS Card xx5369 Value Date: 13/02/2019","+5415.97"
15/02/2019,"-42.10","JULFRAN PTY LIMITED      SORELL       AU Card xx5369","+5492.08"
15/02/2019,"-127.87","COLES 7500               SORELL       AU","+5534.18"
15/02/2019,"-18.00","BEEM IT                  BEEM.COM.AU  AU Card xx5369","+5662.05"
15/02/2019,"-56.00","FREYCINET MARINE FAR COLES BAY TA AUS Card xx5369 Value Date: 13/02/2019","+5680.05"
15/02/2019,"-16.00","SQ *BAY OF FIRES BUSH St Helens AU AUS Card xx5369 Value Date: 13/02/2019","+5736.05"
15/02/2019,"-269.10","MACPAC LAUNCESTON LAUNCESTON  AUS Card xx5369 Value Date: 11/02/2019","+5752.05"
15/02/2019,"-63.73","BONDS LAUNCESTON LAUNCESTON  AUS Card xx5369 Value Date: 11/02/2019","+6021.15"
14/02/2019,"-21.05","Direct Debit 010758 AHM 33695678","+6084.88"
14/02/2019,"+4226.44","Salary realestate.com.a 00REA Salary","+6105.93"
14/02/2019,"-19.99","DPIPWE PWS CRADLE MOUNTA  AUS Card xx5369 Value Date: 10/02/2019","+1879.49"
14/02/2019,"-57.50","TAS FOOD & WINE CONS SASSAFRAS TA AUS Card xx5369 Value Date: 09/02/2019","+1899.48"
13/02/2019,"+40.00","Refund Purchase BEEM IT                  BEEM.COM.AU  AU","+1956.98"
13/02/2019,"-1656.50","APEX CAR RENTALS LAUNCESTON TA AUS Card xx5369 Value Date: 09/02/2019","+1916.98"
12/02/2019,"-111.04","Direct Debit 119218 VODAFONE T1,2D2B2D,47","+3573.48"
12/02/2019,"-41.91","HILLYS VALUE PLUS I      ST HELENS    AU Card xx5369","+3684.52"
12/02/2019,"-12.99","Amazon Australia Servi MELBOURNE AU AUS Card xx5369 Value Date: 08/02/2019","+3726.43"
12/02/2019,"-15.47","Amazon Australia Servi MELBOURNE AU AUS Card xx5369 Value Date: 08/02/2019","+3739.42"
12/02/2019,"-4.70","Muffin Break T4 Tullamarine VI AUS Card xx5369 Value Date: 09/02/2019","+3754.89"
11/02/2019,"-300.00","BLACK COW BISTRO    LAUNCESTON        AU","+3759.59"
11/02/2019,"-18.50","Saint John Craft Beer    Launceston   AU","+4059.59"
11/02/2019,"-20.00","BEEM IT                  BEEM.COM.AU  AU Card xx5369","+4078.09"
09/02/2019,"+30.00","Refund Purchase BEEM IT                  BEEM.COM.AU  AU","+4098.09"
09/02/2019,"-68.20","WOOLWORTHS 7220          LAUNCESTON   AU Card xx5369","+4068.09"
09/02/2019,"-9.90","BRUNETTI AIRPORTS PT     MELBOURNE AIRAU Card xx5369","+4136.29"
08/02/2019,"-30.29","BP E/PRAHRAN 0082   PRAHRAN           AU","+4146.19"
08/02/2019,"-10.50","WEI TONG PTY. LTD.       RICHMOND     AU Card xx5369","+4176.48"
08/02/2019,"-19.00","K Z ENTERPRSS AUST P RICHMOND VI AUS Card xx5369 Value Date: 04/02/2019","+4186.98"
08/02/2019,"-10.00","MYKI WINDSOR RS   WIN WINDSOR  AUS Card xx5369 Value Date: 04/02/2019","+4205.98"
07/02/2019,"-21.05","Direct Debit 010758 AHM 33695678","+4215.98"
07/02/2019,"-52.20","Direct Debit 125206 FITNESS FIRST RI 015600018025010026","+4237.03"
07/02/2019,"-47.00","Transfer To J WARNE PayID Phone from CommBank app bin cleaning services + resume review...","+4289.23"
06/02/2019,"-13.50","COLES 7868 COWES AU AUS Card xx5369 Value Date: 04/02/2019","+4336.23"
06/02/2019,"-4.86","COLES 0573 PRAHRAN AU AUS Card xx5369 Value Date: 03/02/2019","+4349.73"
05/02/2019,"-9.40","COLES 7998 RICHMOND AU AUS Card xx5369 Value Date: 02/02/2019","+4354.59"
03/02/2019,"-14.00","SOUL PRESS BRIGHTON PT   BRIGHTON     AU Card xx5369","+4363.99"
02/02/2019,"-38.00","DR FOLLICLES BARBER      RICHMOND     AU Card xx5369","+4377.99"
02/02/2019,"-15.00","THE BEER & BURGER CA RICHMOND VI AUS Card xx5369 Value Date: 30/01/2019","+4415.99"
02/02/2019,"-74.75","CRAZYDOMAINSHOSTING 61290372826 SG SGP Card xx5369 AUD 74.75 Value Date: 30/01/2019","+4430.99"
31/01/2019,"-21.05","Direct Debit 010758 AHM 33695678","+4505.74"
31/01/2019,"-7.05","COLES 7998 RICHMOND AU AUS Card xx5369 Value Date: 29/01/2019","+4526.79"
31/01/2019,"-17.00","I Carussi II St Kilda VI AUS Card xx5369 Value Date: 28/01/2019","+4533.84"
31/01/2019,"+5.00","Return GFM*GOFUNDME AUSTRALIA Sydney AU AUS Card xx5369 Value Date: 28/01/2019","+4550.84"
30/01/2019,"-8.00","SAINT THOMAS COFFE RICHMOND VI AUS Card xx5369 Value Date: 25/01/2019","+4545.84"
30/01/2019,"-11.04","COLES 7998 RICHMOND AU AUS Card xx5369 Value Date: 25/01/2019","+4553.84"
30/01/2019,"-14.29","ADOBE  PHOTOGPHY PLAN 1800614863 IR IRL Card xx5369 AUD 14.29 Value Date: 26/01/2019","+4564.88"
30/01/2019,"-50.00","LIQUORLAND 2955 LARA AU AUS Card xx5369 Value Date: 26/01/2019","+4579.17"
30/01/2019,"-44.12","COLES 0573 PRAHRAN AU AUS Card xx5369 Value Date: 26/01/2019","+4629.17"
30/01/2019,"-62.50","SP * EUBI AUSTRALIA BAYSWATER VI AUS Card xx5369 Value Date: 27/01/2019","+4673.29"
30/01/2019,"-20.00","MR BLACK JUICERY BERWICK VI AUS Card xx5369 Value Date: 27/01/2019","+4735.79"
26/01/2019,"-7.10","Transfer To William Siebuhr PayID Phone from CommBank app pingers","+4755.79"
26/01/2019,"-240.00","Wdl ATM CBA ATM  WINDSOR        VIC 316297   AUS","+4762.89"
26/01/2019,"-9.55","COLES 7998 RICHMOND AU AUS Card xx5369 Value Date: 24/01/2019","+5002.89"
25/01/2019,"-9.15","COLES 7998 RICHMOND AU AUS Card xx5369 Value Date: 23/01/2019","+5012.44"
24/01/2019,"-21.05","Direct Debit 010758 AHM 33695678","+5021.59"
24/01/2019,"-52.20","Direct Debit 125206 FITNESS FIRST RI 015600018025010025","+5042.64"
24/01/2019,"-33.53","BP MALVERN 0559     MALVERN           AU","+5094.84"
24/01/2019,"-7.80","COLES 7998 RICHMOND AU AUS Card xx5369 Value Date: 22/01/2019","+5128.37"
23/01/2019,"-10.30","COLES 7998 RICHMOND AU AUS Card xx5369 Value Date: 21/01/2019","+5136.17"
23/01/2019,"-5.00","PENINSULA HOT SPRG FINGAL VI AUS Card xx5369 Value Date: 19/01/2019","+5146.47"
22/01/2019,"-20.50","Transfer To Benjamin Theunissen PayID Phone from CommBank app pingers","+5151.47"
22/01/2019,"-130.00","PENINSULA HOT SPRI FINGAL VI AUS Card xx5369 Value Date: 17/01/2019","+5171.97"
22/01/2019,"-13.00","Mubble Rye Rye VI AUS Card xx5369 Value Date: 19/01/2019","+5301.97"
19/01/2019,"-21.00","T'Gallant Restaurant     Main Ridge   AU","+5314.97"
19/01/2019,"-50.00","T'Gallant Restaurant     Main Ridge   AU","+5335.97"
19/01/2019,"-7.80","COLES 7998 RICHMOND AU AUS Card xx5369 Value Date: 17/01/2019","+5385.97"
19/01/2019,"-0.55","International Transaction Fee Value Date: 16/01/2019","+5393.77"
19/01/2019,"-18.36","EIG*HOSTGATOR.COM 713-5745287 MA USA Card xx5369 USD 13.15 Value Date: 16/01/2019","+5394.32"
18/01/2019,"-17.50","BERTIES BUTCHERS RICHM   RICHMOND     AU Card xx5369","+5412.68"
18/01/2019,"-12.00","DENIS THE MENANCE CREMORNE VI AUS Card xx5369 Value Date: 15/01/2019","+5430.18"
17/01/2019,"-21.05","Direct Debit 010758 AHM 33695678","+5442.18"
17/01/2019,"-7.80","COLES 7998 RICHMOND AU AUS Card xx5369 Value Date: 15/01/2019","+5463.23"
17/01/2019,"-4.00","K Z ENTERPRSS AUST P RICHMOND VI AUS Card xx5369 Value Date: 11/01/2019","+5471.03"
16/01/2019,"-20.00","Wdl ATM CBA ATM  RICHMOND STH B VIC 316602   AUS","+5475.03"
16/01/2019,"-10.30","COLES 7998 RICHMOND AU AUS Card xx5369 Value Date: 14/01/2019","+5495.03"
16/01/2019,"-24.95","GENERAL PANTS CO FOUNTAIN GATE VI AUS Card xx5369 Value Date: 13/01/2019","+5505.33"
15/01/2019,"-111.04","Direct Debit 119218 VODAFONE T1,2CE71E,46","+5530.28"
15/01/2019,"-10.00","Harlow Richmond VI AUS Card xx5369 Value Date: 11/01/2019","+5641.32"
15/01/2019,"-12.50","Harlow Richmond VI AUS Card xx5369 Value Date: 11/01/2019","+5651.32"
15/01/2019,"-4.00","K Z ENTERPRSS AUST P RICHMOND VI AUS Card xx5369 Value Date: 09/01/2019","+5663.82"
15/01/2019,"-1.50","COLES 0677 VERMONT SOUTH AU AUS Card xx5369 Value Date: 12/01/2019","+5667.82"
15/01/2019,"-0.14","COLES 0677 VERMONT SOUTH AU AUS Card xx5369 Value Date: 12/01/2019","+5669.32"
15/01/2019,"-23.05","COLES 0677 VERMONT SOUTH AU AUS Card xx5369 Value Date: 12/01/2019","+5669.46"
15/01/2019,"-21.90","Eating House Rowville Rowville VI AUS Card xx5369 Value Date: 12/01/2019","+5692.51"
14/01/2019,"-30.00","BEEM IT                  BEEM.COM.AU  AU Card xx5369","+5714.41"
13/01/2019,"-250.00","Wdl ATM CBA ATM  EDEN RISE VL A VIC 335901   AUS","+5744.41"
13/01/2019,"-18.99","SOUL PRESS BRIGHTON PT   BRIGHTON     AU Card xx5369","+5994.41"
12/01/2019,"-290.00","BEEM IT                  BEEM.COM.AU  AU Card xx5369","+6013.40"
12/01/2019,"-10.30","COLES 7998 RICHMOND AU AUS Card xx5369 Value Date: 10/01/2019","+6303.40"
11/01/2019,"+4256.45","Salary realestate.com.a 00REA Salary","+6313.70"
11/01/2019,"-13.00","NHAN NGAI PTY. LTD.      CREMORNE     AU Card xx5369","+2057.25"
11/01/2019,"-7.80","COLES 7998 RICHMOND AU AUS Card xx5369 Value Date: 09/01/2019","+2070.25"
10/01/2019,"-21.05","Direct Debit 010758 AHM 33695678","+2078.05"
10/01/2019,"-52.20","Direct Debit 125206 FITNESS FIRST RI 015600018025010024","+2099.10"
10/01/2019,"-6.65","COLES 7998 RICHMOND AU AUS Card xx5369 Value Date: 08/01/2019","+2151.30"
09/01/2019,"-4.00","SQ *HERESY PTY LTD Cremorne VI AUS Card xx5369 Value Date: 07/01/2019","+2157.95"
09/01/2019,"-9.15","COLES 7998 RICHMOND AU AUS Card xx5369 Value Date: 07/01/2019","+2161.95"
08/01/2019,"-3.60","RSS ENTERPRISES PTY LT   BULLEEN      AU Card xx5369","+2171.10"
08/01/2019,"-5.50","COLES 7998 RICHMOND AU AUS Card xx5369 Value Date: 04/01/2019","+2174.70"
08/01/2019,"-23.50","The Little Ox Brighton VI AUS Card xx5369 Value Date: 05/01/2019","+2180.20"
08/01/2019,"-11.85","MCDONALDS LEONGATHA LEONGATHA  AUS Card xx5369 Value Date: 03/01/2019","+2203.70"
06/01/2019,"-38.00","T'Gallant Restaurant     Main Ridge   AU","+2215.55"
05/01/2019,"-14.00","SOUL PRESS BRIGHTON PT   BRIGHTON     AU Card xx5369","+2253.55"
05/01/2019,"-65.00","DR FOLLICLES BARBER      RICHMOND     AU Card xx5369","+2267.55"
05/01/2019,"-50.19","7-ELEVEN 1286 GLEN WAVERLEY VI AUS Card xx5369 Value Date: 03/01/2019","+2332.55"
05/01/2019,"-4.55","MCDONALDS CALDERMEADE CALDERMEADE  AUS Card xx5369 Value Date: 01/01/2019","+2382.74"
03/01/2019,"-21.05","Direct Debit 010758 AHM 33695678","+2387.29"
03/01/2019,"-12.20","BEEM IT                  BEEM.COM.AU  AU Card xx5369","+2408.34"
03/01/2019,"-7.00","COLES 0677 VERMONT SOUTH AU AUS Card xx5369 Value Date: 31/12/2018","+2420.54"
03/01/2019,"-59.95","PATAGONIA AUSTRALIA BURLEIGH HEAD QL AUS Card xx5369 Value Date: 30/12/2018","+2427.54"
03/01/2019,"-6.80","COLES 4583 MIAMI AU AUS Card xx5369 Value Date: 30/12/2018","+2487.49"
03/01/2019,"-31.00","COMMUNE ESPRESSO PL BURLEIGH HEAD QL AUS Card xx5369 Value Date: 30/12/2018","+2494.29"
01/01/2019,"-13.00","BEEM IT                  BEEM.COM.AU  AU Card xx5369","+2525.29"
01/01/2019,"-49.97","MYER  PACIFIC FAIR BROADBEACH QL AUS Card xx5369 Value Date: 28/12/2018","+2538.29"
01/01/2019,"-21.23","COLES 4583 MIAMI AU AUS Card xx5369 Value Date: 28/12/2018","+2588.26"
01/01/2019,"-98.20","Elk Espresso Broadbeach QL AUS Card xx5369 Value Date: 28/12/2018","+2609.49"
01/01/2019,"-46.85","COLES 4583 MIAMI AU AUS Card xx5369 Value Date: 29/12/2018","+2707.69"
31/12/2018,"-20.00","BEEM IT                  BEEM.COM.AU  AU Card xx5369","+2754.54"
31/12/2018,"-52.89","DAN MURPHYS LIQ W3220    NUNAWADING   AU Card xx5369","+2774.54"
31/12/2018,"-14.48","CHEMIST WAREHOUSE   MOUNT WAVERLE     AU","+2827.43"
30/12/2018,"-10.50","NORTH BURLEIGH SURF      MIAMI        AU Card xx5369","+2841.91"
30/12/2018,"-7.60","NORTH BURLEIGH SURF      MIAMI        AU Card xx5369","+2852.41"
30/12/2018,"-55.50","NORTH BURLEIGH SLSC      MIAMI        AU Card xx5369","+2860.01"
30/12/2018,"-12.10","NORTH BURLEIGH SURF      MIAMI        AU Card xx5369","+2915.51"
30/12/2018,"-5.00","BEEM IT                  BEEM.COM.AU  AU Card xx5369","+2927.61"
30/12/2018,"-7.50","BEEM IT                  BEEM.COM.AU  AU Card xx5369","+2932.61"
29/12/2018,"+10.00","Refund Purchase BEEM IT                  BEEM.COM.AU  AU","+2940.11"
29/12/2018,"-4.90","COLES 4520 BURLEIGH HDS AU AUS Card xx5369 Value Date: 27/12/2018","+2930.11"
28/12/2018,"-34.00","BEEM IT                  BEEM.COM.AU  AU Card xx5369","+2935.01"
28/12/2018,"+10.00","Refund Purchase BEEM IT                  BEEM.COM.AU  AU","+2969.01"
28/12/2018,"-129.60","TH PACIFIC FAIR          BROADBEACH   AU","+2959.01"
28/12/2018,"+23.00","Refund Purchase BEEM IT                  BEEM.COM.AU  AU","+3088.61"
28/12/2018,"+47.00","Refund Purchase BEEM IT                  BEEM.COM.AU  AU","+3065.61"
28/12/2018,"-7.50","BEEM IT                  BEEM.COM.AU  AU Card xx5369","+3018.61"
28/12/2018,"-15.00","THE VAUCLUSE HOTEL RICHMOND VI AUS Card xx5369 Value Date: 21/12/2018","+3026.11"
28/12/2018,"-89.95","MYER  CHADSTONE CHADSTONE VI AUS Card xx5369 Value Date: 22/12/2018","+3041.11"
28/12/2018,"-553.00","VillageRdshwThemeParks SOUTH YARRA VI AUS Card xx5369 Value Date: 24/12/2018","+3131.06"
28/12/2018,"-18.00","BOOST JUICE BAR MELBOURNE AIR VI AUS Card xx5369 Value Date: 22/12/2018","+3684.06"
28/12/2018,"-146.73","UBER   *TRIP VDK2C SYDNEY NS AUS Card xx5369 Value Date: 22/12/2018","+3702.06"
28/12/2018,"-38.09","COLES 4583 MIAMI AU AUS Card xx5369 Value Date: 24/12/2018","+3848.79"
28/12/2018,"-15.72","COLES 4583 MIAMI AU AUS Card xx5369 Value Date: 23/12/2018","+3886.88"
28/12/2018,"-14.29","ADOBE  PHOTOGPHY PLAN 1800614863 IR IRL Card xx5369 AUD 14.29 Value Date: 26/12/2018","+3902.60"
28/12/2018,"-65.00","COLES 4583 MIAMI AU AUS Card xx5369 Value Date: 26/12/2018","+3916.89"
27/12/2018,"-21.05","Direct Debit 010758 AHM 33695678","+3981.89"
27/12/2018,"-52.20","Direct Debit 125206 FITNESS FIRST RI 015600018025010023","+4002.94"
27/12/2018,"-39.80","EURO GRILL               BURLEIGH WATEAU Card xx5369","+4055.14"
27/12/2018,"+7.00","Refund Purchase BEEM IT                  BEEM.COM.AU  AU","+4094.94"
27/12/2018,"-14.00","EURO GRILL               BURLEIGH WATEAU Card xx5369","+4087.94"
26/12/2018,"-7.60","NORTH BURLEIGH SURF      MIAMI        AU Card xx5369","+4101.94"
26/12/2018,"+40.00","Refund Purchase BEEM IT                  BEEM.COM.AU  AU","+4109.54"
26/12/2018,"-51.15","NORTH BURLEIGH SLSC      MIAMI        AU Card xx5369","+4069.54"
26/12/2018,"-5.00","BEEM IT                  BEEM.COM.AU  AU Card xx5369","+4120.69"
26/12/2018,"-15.50","NORTH BURLEIGH SURF      MIAMI        AU Card xx5369","+4125.69"
26/12/2018,"+25.00","Refund Purchase BEEM IT                  BEEM.COM.AU  AU","+4141.19"
25/12/2018,"-11.00","Harlow Richmond VI AUS Card xx5369 Value Date: 21/12/2018","+4116.19"
25/12/2018,"-19.99","PRICELINE CHADSTONE CHADSTONE  AUS Card xx5369 Value Date: 19/12/2018","+4127.19"
24/12/2018,"+25.00","Refund Purchase BEEM IT                  BEEM.COM.AU  AU","+4147.18"
24/12/2018,"-100.00","COLES 4583               MIAMI        AU","+4122.18"
24/12/2018,"-10.00","WET 'N' WILD             OXENFORD     AU","+4222.18"
24/12/2018,"+16.00","Refund Purchase BEEM IT                  BEEM.COM.AU  AU","+4232.18"
24/12/2018,"+79.00","Refund Purchase BEEM IT                  BEEM.COM.AU  AU","+4216.18"
24/12/2018,"+237.00","Transfer from REBEKAH KING NetBank Wet and wild","+4137.18"
24/12/2018,"+79.00","Refund Purchase BEEM IT                  BEEM.COM.AU  AU","+3900.18"
23/12/2018,"+31.50","Refund Purchase BEEM IT                  BEEM.COM.AU  AU","+3821.18"
23/12/2018,"-62.95","DAN MURPHYS LIQ 2427     BURLEIGH WATEAU Card xx5369","+3789.68"
23/12/2018,"-1250.00","Transfer to other Bank CommBank app accomodation","+3852.63"
22/12/2018,"+72.00","Refund Purchase BEEM IT                  BEEM.COM.AU  AU","+5102.63"
22/12/2018,"-14.00","SOUL PRESS BRIGHTON PT   BRIGHTON     AU Card xx5369","+5030.63"
22/12/2018,"-100.00","Wdl ATM CBA ATM  CHADSTONE 5    VIC 346491   AUS","+5044.63"
22/12/2018,"-16.80","Rozzis Chadstone         Chadstone    AU","+5144.63"
22/12/2018,"-449.95","APPLE STORE R180 CHADSTONE AU AUS Card xx5369 Value Date: 19/12/2018","+5161.43"
21/12/2018,"-31.51","AA CHURCH STREET 02 RICHMOND          AU","+5611.38"
21/12/2018,"-20.00","Harlow                   Richmond     AU","+5642.89"
21/12/2018,"-8.34","BASK HOTELS PTY LTD RICHMOND AU AUS Card xx5369 Value Date: 18/12/2018","+5662.89"
20/12/2018,"-21.05","Direct Debit 010758 AHM 33695678","+5671.23"
20/12/2018,"-9.00","7 GRAMS RICHMOND VI AUS Card xx5369 Value Date: 18/12/2018","+5692.28"
20/12/2018,"-11.79","AMBULANCE VICTORIA MELBOURNE  AUS Card xx5369 Value Date: 14/12/2018","+5701.28"
20/12/2018,"-65.34","4TH CHAPTER PTY LTD PRAHRAN VI AUS Card xx5369 Value Date: 15/12/2018","+5713.07"
19/12/2018,"-19.50","BERTIES BUTCHERS RICHM   RICHMOND     AU Card xx5369","+5778.41"
19/12/2018,"-0.55","International Transaction Fee Value Date: 16/12/2018","+5797.91"
19/12/2018,"-18.38","EIG*HOSTGATOR.COM 713-5745287 MA USA Card xx5369 USD 13.15 Value Date: 16/12/2018","+5798.46"
19/12/2018,"-24.24","HELLO SAM SOUTH YARRA VI AUS Card xx5369 Value Date: 14/12/2018","+5816.84"
18/12/2018,"-60.00","BEEM IT                  BEEM.COM.AU  AU Card xx5369","+5841.08"
17/12/2018,"-17.50","BERTIES BUTCHERS RICHM   RICHMOND     AU Card xx5369","+5901.08"
15/12/2018,"+32.00","Refund Purchase BEEM IT                  BEEM.COM.AU  AU","+5918.58"
15/12/2018,"-9.00","7 GRAMS RICHMOND VI AUS Card xx5369 Value Date: 13/12/2018","+5886.58"
15/12/2018,"-8.10","VINE HOTEL RICHMOND RICHMOND VI AUS Card xx5369 Value Date: 11/12/2018","+5895.58"
13/12/2018,"-111.04","Direct Debit 119218 VODAFONE T1,2C9522,16","+5903.68"
13/12/2018,"-21.05","Direct Debit 010758 AHM 33695678","+6014.72"
13/12/2018,"-52.20","Direct Debit 125206 FITNESS FIRST RI 015600018025010022","+6035.77"
13/12/2018,"+4256.45","Salary realestate.com.a 00REA Salary","+6087.97"
13/12/2018,"-9.00","7 GRAMS RICHMOND VI AUS Card xx5369 Value Date: 11/12/2018","+1831.52"
13/12/2018,"-7.00","SAINT THOMAS COFFE RICHMOND VI AUS Card xx5369 Value Date: 11/12/2018","+1840.52"
12/12/2018,"-1008.00","Transfer to other Bank CommBank app pimp money","+1847.52"
12/12/2018,"+2000.00","Transfer from xx4944 CommBank app","+2855.52"
12/12/2018,"-12.00","Transfer To T Peer PayID Email from CommBank app medium Thai","+855.52"
12/12/2018,"-9.00","7 GRAMS RICHMOND VI AUS Card xx5369 Value Date: 10/12/2018","+867.52"
12/12/2018,"-4.00","SQ *HERESY PTY LTD Cremorne VI AUS Card xx5369 Value Date: 10/12/2018","+876.52"
12/12/2018,"-15.30","VILLAGE KNOX WANTIRNA SOUT VI AUS Card xx5369 Value Date: 08/12/2018","+880.52"
12/12/2018,"-18.00","JMJR PTY LTD THORNBURY VI AUS Card xx5369 Value Date: 08/12/2018","+895.82"
12/12/2018,"-43.30","Village Knox SOUTH YARRA VI AUS Card xx5369 Value Date: 08/12/2018","+913.82"
11/12/2018,"-5.93","UBER   *TRIP PEFDC SYDNEY NS AUS Card xx5369 Value Date: 07/12/2018","+957.12"
11/12/2018,"-8.00","Pullman & Mercure Melb Melbourne VI AUS Card xx5369 Value Date: 07/12/2018","+963.05"
11/12/2018,"-94.94","DISCOVERY HOLIDAY PARK ADELAIDE  AUS Card xx5369 Value Date: 08/12/2018","+971.05"
11/12/2018,"-282.65","JETSTAR MELBOURNE  AUS Card xx5369 Value Date: 08/12/2018","+1065.99"
10/12/2018,"-400.00","Wdl ATM CBA ATM  WINDSOR        VIC 316297   AUS","+1348.64"
10/12/2018,"+1000.00","Transfer from xx4944 CommBank app","+1748.64"
08/12/2018,"-13.00","LOVE PHO RICHMOND VI AUS Card xx5369 Value Date: 04/12/2018","+748.64"
07/12/2018,"-9.00","7 GRAMS RICHMOND VI AUS Card xx5369 Value Date: 05/12/2018","+761.64"
06/12/2018,"-21.05","Direct Debit 010758 AHM 33695678","+770.64"
06/12/2018,"-5.50","7-ELEVEN 1185 RICHMOND EAST VI AUS Card xx5369 Value Date: 04/12/2018","+791.69"
06/12/2018,"-10.60","MCDONALDS VERMONT STH VERMONT SOUTH  AUS Card xx5369 Value Date: 02/12/2018","+797.19"
06/12/2018,"-14.20","MCDONALDS LEONGATHA LEONGATHA  AUS Card xx5369 Value Date: 02/12/2018","+807.79"
05/12/2018,"-9.00","7 GRAMS RICHMOND VI AUS Card xx5369 Value Date: 03/12/2018","+821.99"
05/12/2018,"-4.76","kikki.K Chapel Street South Yarra VI AUS Card xx5369 Value Date: 03/12/2018","+830.99"
05/12/2018,"-40.08","BP BERWICK 5846 BERWICK VI AUS Card xx5369 Value Date: 02/12/2018","+835.75"
04/12/2018,"-75.00","SOCIAL SPORT PTY LTD     RICHMOND     AU Card xx5369","+875.83"
04/12/2018,"-17.50","THE BEER & BURGER CA RICHMOND VI AUS Card xx5369 Value Date: 29/11/2018","+950.83"
04/12/2018,"-26.13","CASEY PHARMACY BERWICK VI AUS Card xx5369 Value Date: 29/11/2018","+968.33"
04/12/2018,"-23.00","LIQUORLAND 3776 BERWICK AU AUS Card xx5369 Value Date: 29/11/2018","+994.46"
04/12/2018,"-34.50","NOODLE & SUSHI COMBO BERWICK VI AUS Card xx5369 Value Date: 29/11/2018","+1017.46"
03/12/2018,"-180.00","THE MEAT & WINE CO HAW   HAWTHORN EASTAU Card xx5369","+1051.96"
30/11/2018,"+30.00","Refund Purchase BEEM IT                  BEEM.COM.AU  AU","+1231.96"
30/11/2018,"-9.00","7 GRAMS RICHMOND VI AUS Card xx5369 Value Date: 28/11/2018","+1201.96"
30/11/2018,"-8.50","DENIS THE MENANCE CREMORNE VI AUS Card xx5369 Value Date: 28/11/2018","+1210.96"
30/11/2018,"-65.00","SUSAN REP PTY LTD CAMBERWELL VI AUS Card xx5369 Value Date: 26/11/2018","+1219.46"
29/11/2018,"-21.05","Direct Debit 010758 AHM 33695678","+1284.46"
29/11/2018,"-52.20","Direct Debit 125206 FITNESS FIRST RI 015600018025010021","+1305.51"
29/11/2018,"-9.50","COLES 0573 PRAHRAN AU AUS Card xx5369 Value Date: 27/11/2018","+1357.71"
29/11/2018,"-115.33","4TH CHAPTER PTY LTD PRAHRAN VI AUS Card xx5369 Value Date: 24/11/2018","+1367.21"
28/11/2018,"-129.99","KATHMANDU PTY LIMITE     PRAHRAN      AU Card xx5369","+1482.54"
28/11/2018,"-14.29","ADOBE  PHOTOGPHY PLAN 1800614863 IR IRL Card xx5369 AUD 14.29 Value Date: 26/11/2018","+1612.53"
28/11/2018,"-74.55","Langmore Clinic Berwick VI AUS Card xx5369 Value Date: 26/11/2018","+1626.82"
28/11/2018,"-15.00","THE VAUCLUSE HOTEL RICHMOND VI AUS Card xx5369 Value Date: 23/11/2018","+1701.37"
28/11/2018,"-31.50","THE YO MY COMPANY PT GLEN WAVERLEY VI AUS Card xx5369 Value Date: 24/11/2018","+1716.37"
28/11/2018,"-14.20","SAN REMO FISHERMANS CO SAN REMO VI AUS Card xx5369 Value Date: 25/11/2018","+1747.87"
27/11/2018,"-100.00","EZI*MELBOURNE BICYCLE PRAHAN VI AUS Card xx5369 Value Date: 22/11/2018","+1762.07"
27/11/2018,"-40.30","COLES EXPRESS 6976 GLEN WAVERLEY AU AUS Card xx5369 Value Date: 23/11/2018","+1862.07"
27/11/2018,"-6.30","BOROONDARA CITY COUN CAMBERWELL  AUS Card xx5369 Value Date: 26/11/2018","+1902.37"
26/11/2018,"+37.60","Refund Purchase Medicare Benefit","+1908.67"
26/11/2018,"-96.98","KATHMANDU PTY LTD        CHADSTONE    AU Card xx5369","+1871.07"
25/11/2018,"-30.00","BEEM IT                  BEEM.COM.AU  AU Card xx5369","+1968.05"
24/11/2018,"-18.99","SOUL PRESS BRIGHTON PT   BRIGHTON     AU Card xx5369","+1998.05"
24/11/2018,"-1102.00","MELB BICYCLE CNTR   www.bikes.com.au  AU","+2017.04"
24/11/2018,"+2000.00","Transfer from xx4944 CommBank app","+3119.04"
24/11/2018,"+25.00","Refund Purchase BEEM IT                  BEEM.COM.AU  AU","+1119.04"
24/11/2018,"-25.16","BP MALVERN 0559 MALVERN VI AUS Card xx5369 Value Date: 21/11/2018","+1094.04"
24/11/2018,"-5.38","UBER   *TRIP RGHFK SYDNEY NS AUS Card xx5369 Value Date: 22/11/2018","+1119.20"
24/11/2018,"-27.00","THAI AYOTHAYA MELB RICHMOND VI AUS Card xx5369 Value Date: 20/11/2018","+1124.58"
23/11/2018,"-60.80","Eating House Rowville Rowville VI AUS Card xx5369 Value Date: 21/11/2018","+1151.58"
23/11/2018,"-9.00","7 GRAMS RICHMOND VI AUS Card xx5369 Value Date: 21/11/2018","+1212.38"
22/11/2018,"-21.05","Direct Debit 010758 AHM 33695678","+1221.38"
22/11/2018,"-51.76","4TH CHAPTER PTY LTD PRAHRAN VI AUS Card xx5369 Value Date: 17/11/2018","+1242.43"
21/11/2018,"-20.00","RAILWAY HOTEL WINDSO     WINDSOR      AU Card xx5369","+1294.19"
21/11/2018,"-180.00","RADIO MEXICO TAQUERI ST KILDA VI AUS Card xx5369 Value Date: 16/11/2018","+1314.19"
21/11/2018,"-40.00","GENERAL PANTS 84 CHADSTONE VI AUS Card xx5369 Value Date: 17/11/2018","+1494.19"
21/11/2018,"-5.50","COLES 0573 PRAHRAN AU AUS Card xx5369 Value Date: 19/11/2018","+1534.19"
20/11/2018,"+30.00","Refund Purchase BEEM IT                  BEEM.COM.AU  AU","+1539.69"
20/11/2018,"-0.54","International Transaction Fee Value Date: 16/11/2018","+1509.69"
20/11/2018,"-18.13","EIG*HOSTGATOR.COM 713-5745287 MA USA Card xx5369 USD 13.15 Value Date: 16/11/2018","+1510.23"
18/11/2018,"-60.00","BEEM IT                  BEEM.COM.AU  AU Card xx5369","+1528.36"
17/11/2018,"-1.00","BEEM IT                  BEEM.COM.AU  AU Card xx5369","+1588.36"
17/11/2018,"+1.00","Refund Purchase BEEM IT                  BEEM.COM.AU  AU","+1589.36"
17/11/2018,"-269.99","KATHMANDU PTY LIMITE     CHADSTONE    AU","+1588.36"
17/11/2018,"-80.00","BEEM IT                  BEEM.COM.AU  AU Card xx5369","+1858.35"
17/11/2018,"-58.00","DE BARGE HAIR            MOUNT WAVERLEAU Card xx5369","+1938.35"
17/11/2018,"+26.00","Refund Purchase BEEM IT                  BEEM.COM.AU  AU","+1996.35"
17/11/2018,"+5.00","Refund Purchase BEEM IT                  BEEM.COM.AU  AU","+1970.35"
17/11/2018,"-12.00","COLES 0573 PRAHRAN AU AUS Card xx5369 Value Date: 15/11/2018","+1965.35"
16/11/2018,"+90.00","Refund Purchase BEEM IT                  BEEM.COM.AU  AU","+1977.35"
16/11/2018,"+45.00","Refund Purchase BEEM IT                  BEEM.COM.AU  AU","+1887.35"
16/11/2018,"+13.75","Direct Credit 158824 WANG YANXIANG Lunch payment for","+1842.35"
16/11/2018,"+13.75","Transfer from JONATHAN SCHOELL CommBank app spicy","+1828.60"
16/11/2018,"+13.75","Direct Credit 421520 ARATHY JANARDHAN","+1814.85"
16/11/2018,"-55.20","TIAN FU HOT POT PL    SOUTH YARRA  VICAU","+1801.10"
15/11/2018,"-21.05","Direct Debit 010758 AHM 33695678","+1856.30"
15/11/2018,"-52.20","Direct Debit 125206 FITNESS FIRST RI 015600018025010020","+1877.35"
15/11/2018,"+75.00","Transfer From Miss Darci May Campbell netty spaghetti","+1929.55"
15/11/2018,"-30.25","7-ELEVEN 1286 GLEN WAVERLEY VI AUS Card xx5369 Value Date: 12/11/2018","+1854.55"
15/11/2018,"-12.18","THE YO MY COMPANY PT GLEN WAVERLEY VI AUS Card xx5369 Value Date: 12/11/2018","+1884.80"
15/11/2018,"-14.50","HUNKY DORY FISH RICHMOND VI AUS Card xx5369 Value Date: 13/11/2018","+1896.98"
15/11/2018,"-6.80","Gelato Messina Richmond VI AUS Card xx5369 Value Date: 13/11/2018","+1911.48"
15/11/2018,"-60.00","RETAIL PRODIGY OPS PL FOUNTAIN GATE  AUS Card xx5369 Value Date: 11/11/2018","+1918.28"
14/11/2018,"-4000.00","Transfer to xx4944 CommBank app","+1978.28"
14/11/2018,"+400.00","Direct Credit 421520 ABAS PROPERTY SO 0139","+5978.28"
14/11/2018,"-15.00","BERTIES BUTCHERS RICHM   RICHMOND     AU Card xx5369","+5578.28"
14/11/2018,"+4230.33","Salary realestate.com.a 00REA Salary","+5593.28"
14/11/2018,"-34.99","REBEL FOUNTAIN GATE FOUNTAIN GATE VI AUS Card xx5369 Value Date: 11/11/2018","+1362.95"
14/11/2018,"-8.00","THE SWAN RICHMOND VI AUS Card xx5369 Value Date: 09/11/2018","+1397.94"
14/11/2018,"-18.50","THE SWAN RICHMOND VI AUS Card xx5369 Value Date: 09/11/2018","+1405.94"
14/11/2018,"-12.50","THE SWAN RICHMOND VI AUS Card xx5369 Value Date: 09/11/2018","+1424.44"
13/11/2018,"-111.04","Direct Debit 119218 VODAFONE T1,2C4741,C","+1436.94"
13/11/2018,"-150.00","SOCIAL SPORT PTY LTD     RICHMOND     AU Card xx5369","+1547.98"
13/11/2018,"-23.10","GOOGLE*DOMAINS G.CO HELPPAY# AU AUS Card xx5369 Value Date: 09/11/2018","+1697.98"
13/11/2018,"-4.00","K Z ENTERPRSS AUST P RICHMOND VI AUS Card xx5369 Value Date: 08/11/2018","+1721.08"
12/11/2018,"-17.00","BERTIES BUTCHERS RICHM   RICHMOND     AU Card xx5369","+1725.08"
10/11/2018,"-300.00","Wdl ATM CBA ATM  WINDSOR        VIC 316297   AUS","+1742.08"
10/11/2018,"-0.50","International Transaction Fee Value Date: 07/11/2018","+2042.08"
10/11/2018,"-16.77","ENVATOMARKET44285596 61383766284 UT USA Card xx5369 USD 12.10 Value Date: 07/11/2018","+2042.58"
09/11/2018,"-20.00","Wdl ATM CBA ATM  ABBOTSFORD A   VIC 321701   AUS","+2059.35"
09/11/2018,"-9.00","7 GRAMS RICHMOND VI AUS Card xx5369 Value Date: 07/11/2018","+2079.35"
08/11/2018,"+300.00","Direct Credit 421520 PLATINUM PHYSIO 138","+2088.35"
08/11/2018,"-21.05","Direct Debit 010758 AHM 33695678","+1788.35"
08/11/2018,"-9.80","WEI TONG PTY. LTD.       RICHMOND     AU Card xx5369","+1809.40"
07/11/2018,"-9.00","7 GRAMS RICHMOND VI AUS Card xx5369 Value Date: 05/11/2018","+1819.20"
07/11/2018,"-3.70","7 GRAMS RICHMOND VI AUS Card xx5369 Value Date: 05/11/2018","+1828.20"
07/11/2018,"-31.88","COLES EXPRESS 6976 GLEN WAVERLEY AU AUS Card xx5369 Value Date: 04/11/2018","+1831.90"
06/11/2018,"+74.00","Refund Purchase BEEM IT                  BEEM.COM.AU  AU","+1863.78"
06/11/2018,"+5.00","Refund Purchase BEEM IT                  BEEM.COM.AU  AU","+1789.78"
06/11/2018,"-20.89","SOUL PRESS BRIGHTON PT   BRIGHTON     AU Card xx5369","+1784.78"
06/11/2018,"-14.60","COLES 0677 VERMONT SOUTH AU AUS Card xx5369 Value Date: 02/11/2018","+1805.67"
06/11/2018,"-14.04","UBER   *TRIP VQQ3D SYDNEY NS AUS Card xx5369 Value Date: 02/11/2018","+1820.27"
06/11/2018,"-1.00","COLES 7998 RICHMOND AU AUS Card xx5369 Value Date: 02/11/2018","+1834.31"
06/11/2018,"-10.10","MCDONALDS CROWN SOUTHBANK  AUS Card xx5369 Value Date: 02/11/2018","+1835.31"
05/11/2018,"-11000.00","Transfer to xx4944 CommBank app","+1845.41"
05/11/2018,"+6028.98","Direct Credit 002962 CITIGROUP PTYLTD WEBSITE","+12845.41"
03/11/2018,"-4.69","UBER TRIP SYMY5 HELP.U 14518236738 AU AUS Card xx5369 Value Date: 01/11/2018","+6816.43"
03/11/2018,"-33.00","THAI AYOTHAYA MELB RICHMOND VI AUS Card xx5369 Value Date: 30/10/2018","+6821.12"
02/11/2018,"-12.40","WEI TONG PTY. LTD.       RICHMOND     AU Card xx5369","+6854.12"
02/11/2018,"-9.00","7 GRAMS RICHMOND VI AUS Card xx5369 Value Date: 31/10/2018","+6866.52"
02/11/2018,"-39.00","CROWN MEL FUSION BAR     SOUTHBANK    AU Card xx5369","+6875.52"
01/11/2018,"-21.05","Direct Debit 010758 AHM 33695678","+6914.52"
